username, created_at, lng, lat, text
tanoonieA, Thu Jun 11 08:40:00 +0000 2020, -90.011008, 29.982601, someone tell him i'm crazy. 
KodyDotson, Thu Jun 11 08:40:01 +0000 2020, -149.758794, 61.235042, @bigshnab @TajaeMoment @luther_drew Youâ€™re playing it with us, bro! 
LuhStalli, Thu Jun 11 08:40:01 +0000 2020, -95.446486, 29.838495, The burger I just got ğŸ¤®ğŸ¤® 
bdavishh, Thu Jun 11 08:40:02 +0000 2020, -110.915573, 32.189391, @Nick_Clamorgan @sms_sullivan @Yoder_Esqq Umm. Letâ€™s even go a hard left Anti fascist - fascist being. peopel who aâ€¦ https://t.co/yVy96LEZZp 
2KEEMdomCome, Thu Jun 11 08:40:01 +0000 2020, -89.876449, 32.571032, Ion know what your body look like but he couldve been referring to "Elastigirl" and couldn't think of her name ğŸ˜‚ 
jawofsteel2014, Thu Jun 11 08:40:02 +0000 2020, -121.300731, 38.763160, @elle_desylva This breaks my heart 
Guaje18__, Thu Jun 11 08:40:02 +0000 2020, -122.630908, 45.536402, @BleuBruno @_two6ix They made the correction in the comments but itâ€™s still a typo that creates a potential environâ€¦ https://t.co/lefC8UzvDA 
moutoncovewx, Thu Jun 11 08:40:02 +0000 2020, -92.218675, 29.875016, 66.4F (Feels: 69.6F) - Humidity: 90% - Wind: 0.9mph ENE - Gust: 1.1mph - Pressure: 30.244in #weather https://t.co/75yzNJ23Eh 
RomanMountsXXX, Thu Jun 11 08:40:02 +0000 2020, -90.247824, 38.653771, @chuberino1 Happy Birthday ğŸˆ https://t.co/0Tp4cIxwns 
idcccc_domi, Thu Jun 11 08:40:02 +0000 2020, -86.611411, 34.706027, @KingTheeKid Thank you â¤ï¸â¤ï¸â¤ï¸ 
manilaprincess_, Thu Jun 11 08:40:03 +0000 2020, -118.400884, 33.889487, Ppl who haven't fully accepted themselves despise when you are unapologetically YOU. That's why when ppl are quickâ€¦ https://t.co/BRRmzR2OhP 
ShelbyLeiqh_, Thu Jun 11 08:40:03 +0000 2020, -84.433106, 33.767195, Cramps kicking my ass ğŸ˜– 
Kaianuilalawalu, Thu Jun 11 08:40:04 +0000 2020, -166.599693, 23.691364, @stoneydubb @GodOfTheGallows @keikiakapueo @LawakuaKamahele KÅ«laÊ»ilaÊ»i she's P! Shes a moÊ»o that lives at KÅ«laÊ»ilaÊ»â€¦ https://t.co/YukWec5g6M 
jrvictormarquez, Thu Jun 11 08:40:04 +0000 2020, -117.022463, 32.633767, @_JBsplash give it a year young buck 
diamonique21, Thu Jun 11 08:40:04 +0000 2020, -117.104989, 32.810012, https://t.co/KsMhPHVm7K 
RetroNetro, Thu Jun 11 08:40:04 +0000 2020, -117.022695, 38.502147, If this ainâ€™t the truth ğŸ‘ğŸ¼ 
lparker3, Thu Jun 11 08:40:05 +0000 2020, -85.385497, 32.636396, @RyClayson @AETV Cowards. 
RodzMike, Thu Jun 11 08:40:05 +0000 2020, -123.924352, 45.994304, @IvankaTrump @realDonaldTrump OhğŸ˜‚ğŸ˜‚ğŸ˜‚ğŸ˜‚ğŸ˜‚this stupid cute bitch 
everylotchicago, Thu Jun 11 08:40:05 +0000 2020, -87.717640, 41.932560, 3609 West Wolfram Street https://t.co/vgFUhpvVMO 
syamu_ro_yp, Thu Jun 11 08:40:05 +0000 2020, -75.770041, 42.746617, @matcha303 å¤œä¸­ã§ã„ã„ã®ã§æœ€é«˜ã«ã‚­ãƒ¢ã„ãƒ„ã‚¤ãƒ¼ãƒˆã—ã¦ãã ã•ã„ 
Cp2Sleepy, Thu Jun 11 08:40:05 +0000 2020, -72.757385, 41.500753, @TheHoopCentral @dnice1110 @BotteonCraig  i know you talkin shit, you better pad up cause I'm coming.... https://t.co/I5cdJNpZgv 
hax0rm0m, Thu Jun 11 08:40:07 +0000 2020, -83.804475, 27.698682, @fras99 Absolutely NOTHINGI would be closed that night! 
COScienceWriter, Thu Jun 11 08:40:08 +0000 2020, -104.955612, 39.589577, @martiniveau @ildiko42749502 @RitaPanahi Irrelevant even if true. This debate is about whether Columbus deserves toâ€¦ https://t.co/R0JvR0s6CG 
StillArQuez, Thu Jun 11 08:40:09 +0000 2020, -84.409943, 33.735478, @Jarrod411L Morning 
freakycouple919, Thu Jun 11 08:40:09 +0000 2020, -78.895441, 35.990983, Damn can we get some @GradeA919 
zcelaya10, Thu Jun 11 08:40:10 +0000 2020, -77.324465, 38.896946, @lucid_soul444 I got uuuu no cappp 
MysteryDaOne, Thu Jun 11 08:40:10 +0000 2020, -76.295896, 36.763216, Woke up to direct deposit awww yea 
CTDOT_District4, Thu Jun 11 08:40:10 +0000 2020, -73.357895, 41.423676, Cleared: Road Work - NEWTOWN #I84 East at Exit 9 (RTE 25) at 6/11/2020 4:40:03 AM 
CTDOT_Statewide, Thu Jun 11 08:40:10 +0000 2020, -73.290999, 41.417995, Cleared: Road Work - NEWTOWN #I84 West at Exit 10 (CHURCH HILL RD) at 6/11/2020 4:40:03 AM 
CTDOT_Statewide, Thu Jun 11 08:40:10 +0000 2020, -73.357895, 41.423676, Cleared: Road Work - NEWTOWN #I84 East at Exit 9 (RTE 25) at 6/11/2020 4:40:03 AM 
CTDOT_District4, Thu Jun 11 08:40:10 +0000 2020, -73.290999, 41.417995, Cleared: Road Work - NEWTOWN #I84 West at Exit 10 (CHURCH HILL RD) at 6/11/2020 4:40:03 AM 
ANBunnell, Thu Jun 11 08:40:10 +0000 2020, -71.088712, 42.313670, @XimLafay @Betsyrose23 @fisher_ccp0513 @RyanChurch2 @RealMarkKennedy @realDonaldTrump But yea, all those guys withâ€¦ https://t.co/qlnMQ4GhZD 
PaulRoseJr, Thu Jun 11 08:40:11 +0000 2020, -118.079306, 34.117279, @ThatVDOVault Yes, I was aware. 
WhySo_Frivolous, Thu Jun 11 08:40:11 +0000 2020, -87.732013, 41.833585, @africanintheus Whole fit from h&amp;m ğŸ¤£ 
mxnifrmclt_yp, Thu Jun 11 08:40:11 +0000 2020, -79.857363, 36.090397, these hoes really be so lost out here doing &amp; fucking anything to feel special ğŸ¥´ 
sam0rtega, Thu Jun 11 08:40:12 +0000 2020, -117.896662, 34.047179, Who wants to go protest? ğŸ’›ğŸ’›ğŸ’› 
pinchecowboye, Thu Jun 11 08:40:12 +0000 2020, -105.550890, 38.997936, me and you..... and zaboomafoo.... 
ODEHENNYY, Thu Jun 11 08:40:12 +0000 2020, -119.637156, 36.331343, So donâ€™t feel for these hoes Iï¸ just feel Hennessy 
AdamGordon1977, Thu Jun 11 08:40:12 +0000 2020, -96.832009, 32.959788, @EFLyons What a great view. 
amazonred4u, Thu Jun 11 08:40:13 +0000 2020, -122.228685, 37.791994, I love dis nigga u gotta b dis type I might want that shit anywhere ğŸ˜©ğŸ˜©ğŸ˜© 
DonnellWrites, Thu Jun 11 08:40:13 +0000 2020, -87.732013, 41.833585, I canâ€™t get to sleep / I think about the implications / Of diving in too deep / And possibly the complicationsEspâ€¦ https://t.co/wlDciTT8TN 
gandolf_s, Thu Jun 11 08:40:13 +0000 2020, -84.433106, 33.767195, @Bfds777 I know I canâ€™t stand itğŸ˜¹ğŸ˜¹ 
ricchfever, Thu Jun 11 08:40:13 +0000 2020, -84.315070, 33.874544, So.... is that Michael nigga ok? yâ€™all ran him outta here 
GloriaC7384, Thu Jun 11 08:40:14 +0000 2020, -87.263022, 33.858303, Soon you will 
JanaeBrii, Thu Jun 11 08:40:14 +0000 2020, -118.304663, 33.945234, this funnyğŸ˜‚ğŸ˜‚ğŸ˜‚ 
crawfordsjonah, Thu Jun 11 08:40:14 +0000 2020, -86.145320, 39.583039, sad 
Names_Quent, Thu Jun 11 08:40:14 +0000 2020, -75.268182, 39.907056, @DaniLeigh @ImQueenAlona Ladies ğŸ¤·ğŸ¾â€â™‚ï¸ https://t.co/pkX96uUqEZ 
mybesday, Thu Jun 11 08:40:15 +0000 2020, -73.126209, 41.207828, There is no time like the present to understand that God is the answer to all things always Pray and Believe in Himâ€¦ https://t.co/HJM6DWt0Op 
RachaelAHancock, Thu Jun 11 08:40:16 +0000 2020, -79.272570, 43.629311, @SethAbramson He STILL doesnt know you can't use American troops on American soil against Amerocam citizens. 
MusicDivPro, Thu Jun 11 08:40:16 +0000 2020, -89.921450, 41.239029, @TessWilliams_69 ğŸ‘ğŸ‘ğŸ‘ğŸ‘ğŸ‘ğŸ¤˜ğŸ¤˜ğŸ¤˜ğŸ¤˜ğŸ¤˜ 
Kung_Fu_Kaylee, Thu Jun 11 08:40:17 +0000 2020, -119.025163, 35.346902, @kingbrujx We really out here deserving better ğŸ˜” 
layah_danae, Thu Jun 11 08:40:17 +0000 2020, -90.011008, 29.982601, @pprincessbriii love you sisğŸ’ 
FletcherVaughn, Thu Jun 11 08:40:17 +0000 2020, -84.433106, 33.767195, Why am I starting the Epstein documentary when I should already be asleep ğŸ¥´ 
trinityaja_, Thu Jun 11 08:40:18 +0000 2020, -98.540651, 29.417501, iâ€™ve got issues but youâ€™ve gottem too 
Theoddprophet, Thu Jun 11 08:40:18 +0000 2020, -97.754724, 30.323346, @furkyourwurk Those plushies are THE BEST, I have both of those ones! 
Cambria, Thu Jun 11 08:40:18 +0000 2020, -118.447840, 33.975245, @SA I legit canâ€™t stop watching this 
macmol, Thu Jun 11 08:40:18 +0000 2020, -94.441663, 39.116501, I got one of those sleep deprived headaches ğŸ¤• 
ReckItRalf, Thu Jun 11 08:40:19 +0000 2020, -100.076888, 31.168893, Yo this anime going a little too hard right now like damn I need my sleep but I canâ€™t stop watching ğŸ˜¤ 
thenettayvette, Thu Jun 11 08:40:19 +0000 2020, -89.922029, 35.133521, Cobi gtsğŸ˜­ 
RSPacker, Thu Jun 11 08:40:19 +0000 2020, -122.218075, 47.392311, First day at my new job easy af 
EmilyAspen, Thu Jun 11 08:40:20 +0000 2020, -118.411907, 34.020789, I just want to be good enough. I donâ€™t want people to tell me I am. I finally need proof. 
KnightsLP7245, Thu Jun 11 08:40:20 +0000 2020, -81.380953, 27.251275, The Chosen | Official Trailer HD https://t.co/8EIrKCwx0u via @YouTube 
Jose_A_Santiago, Thu Jun 11 08:40:22 +0000 2020, -106.417430, 31.793368, @misty_gamblin https://t.co/le7RIBFzxl 
g00dnight_n_g0_, Thu Jun 11 08:40:22 +0000 2020, -100.293591, 25.641718, Aliades ğŸ˜ğŸ˜ğŸ˜ğŸ‘ŒğŸ‘ŒğŸ‘ŒğŸ‘ŒğŸ’“ğŸ’“ 
idcccc_domi, Thu Jun 11 08:40:23 +0000 2020, -86.611411, 34.706027, @_kwandaDON Thank you my love ğŸ’•ğŸ’•ğŸ’• 
KelsiePSmith, Thu Jun 11 08:40:23 +0000 2020, -122.330602, 47.614817, @JoeJackson206 ğŸ˜‚ğŸ˜‚ğŸ™ŒğŸ» 
511NY, Thu Jun 11 08:40:23 +0000 2020, -74.455457, 40.556096, Updated: Incident on #I287 SB at South of Exit 7 - South Randolphville Rd https://t.co/z6UQDcuFnb 
SantiamSmith, Thu Jun 11 08:40:24 +0000 2020, -122.905525, 44.534596, Ex boyfriends are full of empty promises. I TOLD YOU SO. 
shannoncmallory, Thu Jun 11 08:40:24 +0000 2020, -122.433195, 45.510141, @mama_c2 @pinkdogwood770 Working on itâ˜º btw, happy birthday/retirementğŸ˜ğŸ’• 
chriswhitruiz, Thu Jun 11 08:40:24 +0000 2020, -115.223125, 36.232915, Iâ€™m starting to learn to go hard each day alive, as if itâ€™s my last day here. 
Miss_Wendybird, Thu Jun 11 08:40:25 +0000 2020, -118.411907, 34.020789, Those assholes wouldnâ€™t kick me out they would keep roasting me cause they know itâ€™s what I would have wanted. 
tess998, Thu Jun 11 08:40:26 +0000 2020, -75.770041, 42.746617, @alexsalvinews Oh no....so sad. Too bad it didnâ€™t fall on ALL of them 
bow_bat, Thu Jun 11 08:40:26 +0000 2020, -118.408990, 34.006012, If you want to legally date me; you must watch Madoka Magica with me 
cacusc98, Thu Jun 11 08:40:26 +0000 2020, -71.103722, 42.395403, @TruckerGalJen https://t.co/XdeOOpgsDD 
d3m3triusj, Thu Jun 11 08:40:27 +0000 2020, -117.104989, 32.810012, @peaceandheal apparently lake piru is flamed up ğŸ˜‚ 
JacobWa18545551, Thu Jun 11 08:40:28 +0000 2020, -122.228685, 37.791994, https://t.co/aGApEfLvyE 
marceizlyons_, Thu Jun 11 08:40:28 +0000 2020, -115.128846, 36.136412, But you will never catch me being immature about any situation in my life or being petty and thinking Iâ€™m cool forâ€¦ https://t.co/6dsBF0F7S6 
KSadyLady, Thu Jun 11 08:40:28 +0000 2020, -95.446486, 29.838495, @willsommer So batshit crazy is the goal? Grrreaaaat! https://t.co/4FIWHqPt7j 
Moistpoundcake, Thu Jun 11 08:40:29 +0000 2020, -90.368933, 38.785832, @Bkprince6 Me 
peachpr1ncess, Thu Jun 11 08:40:29 +0000 2020, -122.085776, 37.641271, @josuenesis Mejor vete a dormir 
Princess_Monkey, Thu Jun 11 08:40:29 +0000 2020, -75.226986, 43.119680, I love hearing â€œfucccccccckkkkâ€ ğŸ˜­ğŸ˜­ğŸ˜­ like yeah nigga dis dat SPLAAAAAAA 
Same_Old_Chelle, Thu Jun 11 08:40:30 +0000 2020, -95.446486, 29.838495, Justice for Jamarion Robinson - Sign the Petition! https://t.co/ZgoiuP3cJX via @Change #BlackLivesMatter 
bb_alston, Thu Jun 11 08:40:30 +0000 2020, -81.244190, 33.985452, @BCMorrow Congrats! 
chaylove_, Thu Jun 11 08:40:30 +0000 2020, -96.961483, 32.863917, My favorite video on me atl days https://t.co/Su1upYow0K 
lilivnvxoo, Thu Jun 11 08:40:32 +0000 2020, -121.280423, 38.579524, Bitch, I'm off that dope 4real ! https://t.co/pDQt21pe8r 
aquariuschicken, Thu Jun 11 08:40:32 +0000 2020, -118.411907, 34.020789, Why do I have so many mutuals with this person who is blatantly ignoring the prevalence of strong statements by cisâ€¦ https://t.co/SJuL0JOGT0 
oddballzwear, Thu Jun 11 08:40:32 +0000 2020, -80.244984, 36.087169, Thank You Solider ğŸ™ğŸ¾ğŸ‡ºğŸ‡¸ğŸ¤œğŸ½ğŸ¤œğŸ½ğŸ¤›ğŸ¼ğŸ‘ŠğŸ¾ğŸ‘ŠğŸ½ The Vegan Vixen's video! #TikTok https://t.co/7XKeQrhNW9 
audrey_serrato, Thu Jun 11 08:40:32 +0000 2020, -95.158936, 29.668301, @Mauricio13323 @anahiq1027 I am asleep bai and Anahi stop being sad weak ass 
Hamiidi_Twisty, Thu Jun 11 08:40:32 +0000 2020, -77.728988, 39.634461, Just Finished Praying #Fajr, Talking To The LOML Then Shleeeep Shleeeep ğŸ˜´ 
bemorefocused, Thu Jun 11 08:40:32 +0000 2020, -73.279971, 40.841982, Im just saying 
4trapaholics, Thu Jun 11 08:40:32 +0000 2020, -117.197082, 33.688047, @itss_jayy_ As fake as your upper lip 
bowser21, Thu Jun 11 08:40:32 +0000 2020, -95.446486, 29.838495, @JaelynIman https://t.co/2dqZeeySHs 
songbird1945, Thu Jun 11 08:40:33 +0000 2020, -85.293073, 37.102359, My response is, are you kidding me? 
MAD_Monty_, Thu Jun 11 08:40:33 +0000 2020, -77.541767, 37.493111, @_shantiiiiii Buy me one 
youluvshanti, Thu Jun 11 08:40:33 +0000 2020, -84.322994, 32.891075, no bitch gon stop me from doing wdf i want by how expressing SHE think ğŸ˜‚ talk to god about it luv, i ain letting up 
donnielooks, Thu Jun 11 08:40:34 +0000 2020, -87.732013, 41.833585, @businessinsider Will Jeep give factory tours for owners? Iâ€™d love to stop through! 
riffatrehanarif, Thu Jun 11 08:40:34 +0000 2020, -71.088712, 42.313670, @IrshadBhatti336 Very true !!IK must get rid of these people !! 
MikeElk, Thu Jun 11 08:40:35 +0000 2020, -79.980689, 40.431389, Meet our new logo for @PaydayReport Weâ€™re no longer a scrappy start up but a sustainable news organization citedâ€¦ https://t.co/YVibBK0F3m 
jonathannnnn2, Thu Jun 11 08:40:35 +0000 2020, -119.861792, 36.430973, @nunezadrian7 i tryâ¤ï¸ 
Hey__Zach, Thu Jun 11 08:40:35 +0000 2020, -97.935192, 29.895606, @YourAnonNews https://t.co/zoCh8mVot1 
NealDT4EMS, Thu Jun 11 08:40:35 +0000 2020, -85.768241, 37.822244, Finally a @stephenasmith I can agree with! ğŸ¤£ğŸ˜‚ğŸ¤£ 
Mike41020862, Thu Jun 11 08:40:35 +0000 2020, -82.669467, 40.365160, @InaRust https://t.co/sdOQhFjnvL 
CurtisBroom, Thu Jun 11 08:40:35 +0000 2020, -78.657837, 35.843981, @allenanalysis @DianehDodwell @ProjectLincoln I feel your pain, I cannot even crack 2000 followers!  But I got your back. 
insonifier, Thu Jun 11 08:40:35 +0000 2020, -79.761426, 40.494116, @RitaPanahi That Minnesota had a statue of Columbus?  Exactly, lunacy. What was it's purpose?  To troll the Native American population? 
bakokid_, Thu Jun 11 08:40:36 +0000 2020, -119.025163, 35.346902, Something about that saxophone https://t.co/zYVTFKO4AR 
davidmeyers2858, Thu Jun 11 08:40:36 +0000 2020, -122.868989, 42.343589, @uhbroncofan whatâ€™s more boring Coop, watching golf or NASCAR? 
RWSinRI63, Thu Jun 11 08:40:37 +0000 2020, -71.456181, 41.857695, @Nurse_K_ looks like I won't see your tits because i have no tats...lol 
bluelava67, Thu Jun 11 08:40:37 +0000 2020, -118.411907, 34.020789, @realh0eswives Duely noted 
greity, Thu Jun 11 08:40:37 +0000 2020, -118.411907, 34.020789, @ChuckCallesto You hear the joke about the cure for covid? No?Oh man, its a riot. ğŸ˜ 
CoreyLFontenot, Thu Jun 11 08:40:38 +0000 2020, -91.401008, 30.937336, @uyunats Sexy 
owenwardsr, Thu Jun 11 08:40:39 +0000 2020, -83.804475, 27.698682, @natipopi @RustyBatchelor Why are you putting up with these communist Portland ???#AntifaDomesticTerrorists #LockThemUp 
JOHNNYHORSES, Thu Jun 11 08:40:39 +0000 2020, -73.849441, 40.850347, Itâ€™s about timeğŸ’¯ğŸ˜‰ğŸ‡ºğŸ‡¸ 
anibalnka, Thu Jun 11 08:40:39 +0000 2020, -77.604684, 41.117936, @Katthe_Diaz Que pasÃ³ amorcito. 
hitmanriggi, Thu Jun 11 08:40:39 +0000 2020, -101.701754, 34.188727, Need my dick slurped on 
UwaziZamani, Thu Jun 11 08:40:39 +0000 2020, -95.446486, 29.838495, COME THROUGH!!!! #UT24 https://t.co/hQUvNId5oY 
ChangeAgentFun, Thu Jun 11 08:40:40 +0000 2020, -123.122401, 44.065621, @RepMattGaetz You ate a horrible leader, I donâ€™t even want to listen what comes out of your face when you speak 
IAmCindaB, Thu Jun 11 08:40:40 +0000 2020, -89.266508, 39.739300, ğŸ’¥ğŸ™ï¸ Driving Fore - Personification Runner Road Scene... Word Bundle ğŸ‘¤ğŸ· https://t.co/VrpDH8RaYf 
hector99500855, Thu Jun 11 08:40:40 +0000 2020, -73.860857, 40.944568, Miren nada mas 
noneofusarefree, Thu Jun 11 08:40:40 +0000 2020, -72.592382, 46.360669, Hong Kong. Stop Ã  la rÃ©pression ! https://t.co/jQ9SYCNsqf via @amnestybe 
heart_kingdom_, Thu Jun 11 08:40:40 +0000 2020, -80.156826, 26.179921, @PettyMystic My dad opens the door just to look at me then closes like if I was doing something ğŸ˜­ğŸ’€ 
e_aguilarr, Thu Jun 11 08:40:42 +0000 2020, -119.025163, 35.346902, @istoleurvcards ğŸ™„ 
JohnRossJPS, Thu Jun 11 08:40:42 +0000 2020, -79.272570, 43.629311, The question is... How do I add a cane to my avatar? 
colleenblueeyes, Thu Jun 11 08:40:44 +0000 2020, -80.249773, 26.270261, @seanhannity What a COMPLETE IDIOT!!!ğŸ™ˆğŸ™ŠğŸ™‰ 
1_CaptainKirk, Thu Jun 11 08:40:45 +0000 2020, -89.533770, 34.354670, Ainâ€™t nun lik dat watered down fruit punch in da middle of da night 
PedestrianHere, Thu Jun 11 08:40:45 +0000 2020, -117.824049, 33.810159, Single by default ğŸ§šğŸ¼ 
idcccc_domi, Thu Jun 11 08:40:45 +0000 2020, -86.611411, 34.706027, @feecaption Thank you sis! Iâ€™m trying ğŸ˜­ğŸ™ŒğŸ¼â¤ï¸â¤ï¸ 
b4biiscuiit, Thu Jun 11 08:40:46 +0000 2020, -95.446486, 29.838495, @orignialcee so bitch , fight ab it ! ğŸ˜­ğŸ˜˜ 
succafreejovany, Thu Jun 11 08:40:46 +0000 2020, -116.979453, 33.784916, A lot of you have never listened to Mortal Man by @kendricklamar and it shows 
mrwntsome, Thu Jun 11 08:40:47 +0000 2020, -83.897894, 33.835145, Same as pulling gone with the windThey want to destroy history as if it's just gonna go away 
JonnyBoiBravo, Thu Jun 11 08:40:47 +0000 2020, -120.529760, 46.594223, @itsariss Nobody at all 
gandolf_s, Thu Jun 11 08:40:47 +0000 2020, -84.433106, 33.767195, @alice_scanster Awwww she fanks mewâ¤ï¸â¤ï¸â¤ï¸ 
__gregX, Thu Jun 11 08:40:47 +0000 2020, -86.444196, 42.114674, @xx_moniqueeee Lmaoo let me go get some snacks then 
cashmarrout, Thu Jun 11 08:40:48 +0000 2020, -90.479380, 30.482053, FaceTime anyone ? 
davidquesadille, Thu Jun 11 08:40:48 +0000 2020, -117.314971, 33.665866, I think I need a break for 2 days. 
bemorefocused, Thu Jun 11 08:40:48 +0000 2020, -73.279971, 40.841982, That this isnt what i asked 
Bodhihodi, Thu Jun 11 08:40:48 +0000 2020, -80.476404, 43.430240, Happy Birthday William Styron! https://t.co/d3P6HxXqRq 
TheDonnnieSharp, Thu Jun 11 08:40:49 +0000 2020, -120.395326, 38.027994, @Mike_Pence Are you slow? 
amanda_ferner, Thu Jun 11 08:40:49 +0000 2020, -116.089270, 34.134218, I promise the marine corps doesnâ€™t give a fuck unless youâ€™re married 
Yazmeene_, Thu Jun 11 08:40:50 +0000 2020, -106.417430, 31.793368, @G1flight there you go lol 
LloydakaMurphy, Thu Jun 11 08:40:50 +0000 2020, -76.620482, 39.284713, @da1don ğŸ‘‹ğŸ½ 
tee__birch, Thu Jun 11 08:40:50 +0000 2020, -79.759591, 43.724971, @melaninyourgirl https://t.co/Q8hwg1xAJ9 
ODEHENNYY, Thu Jun 11 08:40:52 +0000 2020, -119.637156, 36.331343, Trippie to sleep yurrr 
gonzotrucker2, Thu Jun 11 08:40:52 +0000 2020, -110.984286, 31.948299, https://t.co/IMGs4J1HpP 
foreskinfiesta, Thu Jun 11 08:40:52 +0000 2020, -117.772917, 34.065450, Still Thinking about how I lost my Sade hat to the ocean the day after my Birthday - gifts 
OmnimbusKornejo, Thu Jun 11 08:40:52 +0000 2020, -122.338585, 37.965097, @AMLOxmex Y HUBO UN GRANDE SILENCIO EN LA TIERRA! Y LAS POTENCIAS FUERON COMMOVIDAS CON PODER! GLORIA DIOS! AMEN! 
MojoRizen, Thu Jun 11 08:40:52 +0000 2020, -86.392482, 39.689906, WTF?!? 
Same_Old_Chelle, Thu Jun 11 08:40:52 +0000 2020, -95.446486, 29.838495, Adams County District Attorney: Justice for Elijah McClain - Sign the Petition! https://t.co/6iZllwIASy via @Change #BlackLivesMatter 
zone01, Thu Jun 11 08:40:52 +0000 2020, -72.929158, 41.298394, Good place to do a Little street racing. Death Race 2020 
lauren__nicole5, Thu Jun 11 08:40:53 +0000 2020, -123.122401, 44.065621, A bitch is tired 
julia_s_juarez, Thu Jun 11 08:40:53 +0000 2020, -86.793917, 33.542237, "@JoeBiden has done....outreach with meticulous surgical precision. "And then wonder why the majority aren't feeliâ€¦ https://t.co/JZwA6rQxXp 
GC68156802, Thu Jun 11 08:40:55 +0000 2020, -114.143262, 45.494552, @HamillHimself Wa...Wa...WTF.   peeOTUS 
MCS1845, Thu Jun 11 08:40:55 +0000 2020, -84.643766, 33.821970, @SweetSoaps Not at all 
TinxDtl, Thu Jun 11 08:40:55 +0000 2020, -79.616073, 43.555244, If not now then fucking when ğŸ˜…ğŸ˜‚ 
SiiTupou, Thu Jun 11 08:40:55 +0000 2020, -156.668305, 20.975137, @Carsensmaddah The next one is. â€œ I see your carâ€ lol 
WarrenLukas, Thu Jun 11 08:40:55 +0000 2020, -80.817245, 41.235332, all on the list... 
fxManzilla, Thu Jun 11 08:40:55 +0000 2020, -118.346138, 33.914068, Took profit on $EURUSD from pivot range. +37pips on my first entry. +60 pips on my 2nd on the center band https://t.co/fzJ2JdIiQi 
RodzMike, Thu Jun 11 08:40:55 +0000 2020, -123.924352, 45.994304, @realDonaldTrump From Epstein to Epstein ğŸ˜‚ğŸ˜‚ğŸ˜‚ğŸ˜‚ğŸ˜‚ğŸ˜‚ğŸ˜‚ğŸ˜‚ğŸ˜‚ğŸ˜‚ğŸ˜‚ğŸ˜‚ğŸ˜‚ğŸ˜ğŸ˜ğŸ˜ğŸ˜ğŸ˜ğŸ˜ğŸ˜ğŸ˜ğŸ˜ğŸ˜ğŸ˜ 
ElPasodjs, Thu Jun 11 08:40:55 +0000 2020, -106.488648, 31.759004, Produced by @el_paso__photography__event_ #mavicair2 https://t.co/fuJ0mo6FhC 
AllisonLeeSolin, Thu Jun 11 08:40:56 +0000 2020, -73.754737, 41.026204, @MaryMotorMouth @EmeraldRobinson There are AMERICAN CITIZENS living there. Let it burn? Foh. 
_bronterosee, Thu Jun 11 08:40:56 +0000 2020, -122.334461, 47.307568, https://t.co/zfWmlGIUDF 
Reberts, Thu Jun 11 08:40:56 +0000 2020, -117.924894, 34.099496, @akirareiko @nerdcorepodcast @Dany_Kino @patog7 @Ramza Me encanta @Dany_Kino ğŸ’™ 
SirCjOfficial, Thu Jun 11 08:40:57 +0000 2020, -81.887800, 30.052036, Go Figure ğŸ˜Œ#SirCj 
gypsytwiter, Thu Jun 11 08:40:57 +0000 2020, -118.411907, 34.020789, @ryanfoland Sometimes success starts in the eyes, you see something the mind urges you to try it 
KidddCocky, Thu Jun 11 08:40:58 +0000 2020, -80.926628, 33.631140, Wtf wrong with clay 
burberry002, Thu Jun 11 08:40:58 +0000 2020, -73.687100, 42.727940, ğŸ¤£ğŸ¤£ğŸ¤£ 
Lildidukno, Thu Jun 11 08:41:00 +0000 2020, -117.217920, 33.921924, Donâ€™t get stomped out being all extraPulled up in a Porsche not a Tesla 
FreeeLucifer, Thu Jun 11 08:41:00 +0000 2020, -118.411907, 34.020789, Ichigo the mutt of all mutts 
NorthWoodBeats, Thu Jun 11 08:41:00 +0000 2020, -93.105649, 44.941516, @kennybeats Still better than 69 
princessoliyah, Thu Jun 11 08:41:00 +0000 2020, -115.133373, 36.249124, Iâ€™ve been so happy lately getting closer to god,finding inner peace,having more time to myself is a different type of self careğŸ§˜ğŸ¾â€â™€ï¸âœ¨ğŸŒ¸ 
EricaSissy3, Thu Jun 11 08:41:01 +0000 2020, -83.804475, 27.698682, @Cd__Trish Me too 
Mike41020862, Thu Jun 11 08:41:01 +0000 2020, -82.669467, 40.365160, @KristenAmour https://t.co/mVaSQjPGAk 
bamom910, Thu Jun 11 08:41:01 +0000 2020, -74.724323, 40.073041, @DeepStateDrow @chelseahandler No-they rejected the cease and desist order noting numerous inaccuracies in the order 
marvin_hill123, Thu Jun 11 08:41:00 +0000 2020, -82.306723, 27.827367, @Birdseye1 @Julie82902847 @Philippower15 @ruxcytbl @PPPTCE @Pippi49er @xXGeJaMoXx @McginnKeven @CuDonegalâ€¦ https://t.co/Ns9LhvRxOA 
oliviajefferson, Thu Jun 11 08:41:02 +0000 2020, -97.477426, 25.972106, I missed my curls ğŸ¥º 
dparks24, Thu Jun 11 08:41:02 +0000 2020, -99.680903, 41.500730, Wild that fucking NASCAR of all sports has handled this shit better than the freaking Knicks. 
TheBreadMan1221, Thu Jun 11 08:41:02 +0000 2020, -97.552161, 35.482844, @FBIOklahomaCity https://t.co/NZ4DiTc3dz 
ForOurBabies76, Thu Jun 11 08:41:02 +0000 2020, -73.968542, 40.780709, So 45 is going to give his first rally in Tulsa OK on June 19th ğŸ¤” how y'all feel about that? I feel absolutely DISRâ€¦ https://t.co/IYj3VY0Ud8 
Sfclough, Thu Jun 11 08:41:03 +0000 2020, -73.968542, 40.780709, @ASlavitt This is one of the single best threads Iâ€™ve read since the outbreak began. Spot on. 
Paul_9909, Thu Jun 11 08:41:03 +0000 2020, -77.236969, 38.805115, @tessa1888 @ProduceInspire Where in MA? I went to school in Boston for four years and never heard of it. 
MirzaAriffin, Thu Jun 11 08:41:03 +0000 2020, -80.401767, 27.582329, ğŸ¤šğŸ¼ 
ken61244, Thu Jun 11 08:41:03 +0000 2020, -89.266508, 39.739300, @realDonaldTrump @EricTrump It was in bill NO MONEY FOR TRUMP PROPERTY 
Jose_A_Santiago, Thu Jun 11 08:41:03 +0000 2020, -106.417430, 31.793368, @BBCNews @JasonSamfield https://t.co/le7RIBFzxl 
AlagadanJohn, Thu Jun 11 08:41:04 +0000 2020, -79.272570, 43.629311, Flex ko lang mga kapatid ko. â¤ï¸â¤ï¸â¤ï¸ https://t.co/muGtX05k4j 
KingGrapeMind, Thu Jun 11 08:41:05 +0000 2020, -106.632718, 35.117002, @JessySol87 https://t.co/Bi7x97UWUQ 
Mel_Money06, Thu Jun 11 08:41:05 +0000 2020, -158.064849, 21.492051, I FaceTimed my mom and she said I looked like my dad because Iâ€™m so dark.. I said â€œI would hope so, he did make me.â€¦ https://t.co/zfEs1GfskN 
k9_paranor_Unit, Thu Jun 11 08:41:07 +0000 2020, -100.764149, 46.829904, @Bill_Burt_409 Please pick up @LivePDMissoula2 @IDChannelShows #BluePawsMatter #BackTheBlue #Heros #EnoughIsEnoughâ€¦ https://t.co/hV53oVgH5I 
ms_cortezzz, Thu Jun 11 08:41:08 +0000 2020, -80.233328, 25.782353, Moving into a bigger apartment next month and then hopefully a house this time next year. I couldnâ€™t be much happier.. ğŸ¤ 
RandallOtt, Thu Jun 11 08:41:09 +0000 2020, -104.789327, 38.888519, @DaveDia98622441 @AndersHounds Only if we take back the house keep the Senate &amp; win the Whitehouse.  Otherwise theâ€¦ https://t.co/2zdrD2ftmK 
Dsrtrdbikr, Thu Jun 11 08:41:09 +0000 2020, -116.361297, 33.740538, Love this! Thank you 
CammiGarrett, Thu Jun 11 08:41:09 +0000 2020, -100.076888, 31.168893, Just kind of emptying half of my life before I move so Iâ€™m just gonna leave this here....#collegestudent #Depopâ€¦ https://t.co/aO7u8ZzbTI 
WaltWills_, Thu Jun 11 08:41:11 +0000 2020, -77.391827, 37.208034, @FatHoesAndTacos Love 
gandolf_s, Thu Jun 11 08:41:11 +0000 2020, -84.433106, 33.767195, @lehimesa â¤ï¸â¤ï¸â¤ï¸â¤ï¸she fanks mewâ¤ï¸â¤ï¸â¤ï¸ 
miyaarmstrong, Thu Jun 11 08:41:11 +0000 2020, -87.348367, 41.415222, @waiala_kahele  Speakers will be: Avis Heard from "Lets Cook it Out" Cooking School Katie JordanPresident of Coaâ€¦ https://t.co/WDAS4n8ysb 
SofaKing_Gee, Thu Jun 11 08:41:11 +0000 2020, -118.411907, 34.020789, I may be way too high the sky is in my way 
Daymonea, Thu Jun 11 08:41:11 +0000 2020, -75.386460, 39.145024, I really donâ€™t be caring what mfs thinkğŸ˜­is that bad? 
mxnifrmclt_yp, Thu Jun 11 08:41:12 +0000 2020, -79.857363, 36.090397, i be humble to a lot of shit ğŸ˜‚ idk y 
jhamby, Thu Jun 11 08:41:12 +0000 2020, -118.411907, 34.020789, One of many formats the VICE Commodore 8-bit emulator supports (most of them introduced by *other C64 emulators*) iâ€¦ https://t.co/14p9l9wqJh 
NellyDrayton, Thu Jun 11 08:41:12 +0000 2020, -85.722346, 38.195555, My love Absolutely can  ğŸ–¤ 
SottosantiSara, Thu Jun 11 08:41:12 +0000 2020, -149.557071, 61.530568, You ever feel numb? And you just want to feel something again? 
_Merriam, Thu Jun 11 08:41:12 +0000 2020, -119.025163, 35.346902, @LexisNunez21 BETTT ğŸ¤ªğŸ¤ª 
FletcherVaughn, Thu Jun 11 08:41:13 +0000 2020, -84.433106, 33.767195, @popstarbenny I feel like I can always make something just a little better. But at a certain point you just have toâ€¦ https://t.co/xEjtYZBlcW 
edithcotac, Thu Jun 11 08:41:13 +0000 2020, -109.204046, 31.022730, Siento que me estan poniendo un examen de calculo con la serie de Dark ğŸ¤¯ 
spongetwan, Thu Jun 11 08:41:13 +0000 2020, -80.233328, 25.782353, DoorDash Driver Allegedly Held at Gunpoint | NowThis https://t.co/bg6UZLlxRk via @YouTube 
DeadDoll3333, Thu Jun 11 08:41:14 +0000 2020, -82.672903, 27.795720, @realDonaldTrump INSANE IN THE MEMBRANE! 
DeJahJNicole, Thu Jun 11 08:41:14 +0000 2020, -95.446486, 29.838495, All yâ€™all weird for obsessing &amp; caring about a rappers babymomma 
jaliasmommy, Thu Jun 11 08:41:14 +0000 2020, -122.228685, 37.791994, this the fuckin tweet 
KnightsLP7245, Thu Jun 11 08:41:14 +0000 2020, -81.380953, 27.251275, Overcoming Vices (Part I) https://t.co/A6Nb9GFmIK via @YouTube 
Longlivetrigga, Thu Jun 11 08:41:14 +0000 2020, -89.922029, 35.133521, If we were together youâ€™d get head like this but a lil naster every night an before you go to work #ButImSingle https://t.co/LvFzBQhXpg 
SkrrtOnJake, Thu Jun 11 08:41:14 +0000 2020, -117.196526, 33.566980, EWWW. 
GloriaC7384, Thu Jun 11 08:41:14 +0000 2020, -87.263022, 33.858303, Soon you will be 
bow_bat, Thu Jun 11 08:41:14 +0000 2020, -118.408990, 34.006012, Follow up tweet if you watch Requiem for a Dream or Emma with me Iâ€™ll call it a date and tell people we held hands 
tee__birch, Thu Jun 11 08:41:16 +0000 2020, -79.759591, 43.724971, @melaninyourgirl LMFAOO would always be calling someone that styll 
noshwadeee, Thu Jun 11 08:41:16 +0000 2020, -78.657837, 35.843981, i wonder whoâ€™s going to show there true self ğŸ¤” letâ€™s see who show out 
Same_Old_Chelle, Thu Jun 11 08:41:16 +0000 2020, -95.446486, 29.838495, Jean Peters Baker: 5 months is too long for no charges.  Cameron Lamb's family deserves justice. - Sign the Petitioâ€¦ https://t.co/PPusM1GXlV 
JacobWa18545551, Thu Jun 11 08:41:16 +0000 2020, -122.228685, 37.791994, New York strip https://t.co/VmOAZVOGMo 
_michellem28, Thu Jun 11 08:41:16 +0000 2020, -118.411907, 34.020789, But why am I crying?https://t.co/ZZcFIwmsvv 
dnl_xoxo, Thu Jun 11 08:41:17 +0000 2020, -119.855078, 34.421639, i hate that i only study well in the middle of the night, my sleep schedule is always a mess 
aftrprtynxtdoor, Thu Jun 11 08:41:18 +0000 2020, -118.411907, 34.020789, the sun doesnâ€™t discriminate on a single soul Iâ€™M GOING TO SHINE REGARDLESS 
TruckinEh, Thu Jun 11 08:41:18 +0000 2020, -82.131155, 33.479981, Pitter patter...let's get at er... Florida bound ğŸŒ´ğŸ›£ï¸ğŸš› https://t.co/3smTb1mBgD 
anotheryew, Thu Jun 11 08:41:19 +0000 2020, -88.310447, 42.039940, mark sloan is Alive in my eyes 
_Luigibo, Thu Jun 11 08:41:19 +0000 2020, -122.162294, 37.705044, Straight cap. I be escalating shit for my own amusement lmao 
Andrea__Campos, Thu Jun 11 08:41:20 +0000 2020, -100.293591, 25.641718, Siempre quisiste conocer esta faceta mÃ­a y ahora que lo estoy no estÃ¡s mÃ¡s en mi vida, amiga. 
Singer4BoCo, Thu Jun 11 08:41:20 +0000 2020, -105.112216, 40.165931, @peaksoil Eric, happy to clarify.  I believe that I'm a Progressive with a record of results. Lots of people have pâ€¦ https://t.co/7WRr0GYrqX 
victoriaXayala_, Thu Jun 11 08:41:20 +0000 2020, -119.306608, 37.269176, Well ig itâ€™s time to get a new membership at a dif gym nowğŸ˜‚any ones in Yuba actually open rn? 
idcccc_domi, Thu Jun 11 08:41:20 +0000 2020, -86.611411, 34.706027, @tajaa__ Thank you sis ğŸ˜…ğŸ¥° 
DebraKStone1, Thu Jun 11 08:41:21 +0000 2020, -121.971926, 38.362844, @the8bitPOS @ChuckCallesto Grow up you dumb child. 
whoissizzle, Thu Jun 11 08:41:22 +0000 2020, -81.068556, 29.190223, That PR stunt Mayor Keisha Lance Bottoms pulled last week at the BLM protest in Atlanta got some people pissed off,â€¦ https://t.co/qlQoT6RCKJ 
plittletvguy, Thu Jun 11 08:41:22 +0000 2020, -71.356088, 41.803749, https://t.co/VUNf9dLm6C 
Rico_ThaShooter, Thu Jun 11 08:41:22 +0000 2020, -81.576885, 41.531726, Man Iâ€™m dead af ğŸ˜­ğŸ˜‚ğŸ˜‚ğŸ˜‚ğŸ˜‚ğŸ˜‚ğŸ˜‚ğŸ˜‚ğŸ˜‚ğŸ˜‚ğŸ˜‚ğŸ˜‚ğŸ˜‚ğŸ˜‚ğŸ˜‚ğŸ˜‚ğŸ˜‚ğŸ˜‚ 
AdenOrozco22, Thu Jun 11 08:41:22 +0000 2020, -118.007164, 33.900901, Canâ€™t help but laugh at this 
RodzMike, Thu Jun 11 08:41:22 +0000 2020, -123.924352, 45.994304, @realDonaldTrump @RichforGA ğŸ˜‚ğŸ˜‚ğŸ˜‚ğŸ˜‚ğŸ˜‚ğŸ˜‚ 
MiguelMvrtinez, Thu Jun 11 08:41:22 +0000 2020, -117.851089, 33.842863, @HealthyKiwi_ ğŸ¶hola bebe....como has estadoooooooğŸ¶ https://t.co/jdldAEqVrk 
twoxflash, Thu Jun 11 08:41:22 +0000 2020, -115.061127, 36.184754, This was meant for the drafts 
albp_b, Thu Jun 11 08:41:23 +0000 2020, -117.585658, 33.859093, @RepMattGaetz Make sure that you take a knee, kneel!!! ğŸ˜¶Anything else the enraged degenerates and arsonist want???!! 
amanduh_darling, Thu Jun 11 08:41:23 +0000 2020, -114.583714, 33.603699, I hate my sleep schedule ğŸ™„ I either sleep a lot or none at all 
313_4859, Thu Jun 11 08:41:23 +0000 2020, -84.340000, 33.578600, Just posted a photo @ Morrow, Georgia https://t.co/MWM5wTZOde 
ahsilrahc, Thu Jun 11 08:41:23 +0000 2020, -76.783897, 38.764564, https://t.co/Sa7FdIsCnf 
Real_drew5, Thu Jun 11 08:41:24 +0000 2020, -117.220413, 33.809139, @euphimaa ğŸ¥µ 
bouvydee, Thu Jun 11 08:41:25 +0000 2020, -80.546916, 43.482152, @DeeBeeMARC I shoooooocccckkkkk 
owenwardsr, Thu Jun 11 08:41:25 +0000 2020, -83.804475, 27.698682, @AndrewNeill91 @DJTsavesAmerica @RealJamesWoods #LOWCLASSMORONS 
DelgadoTributo, Thu Jun 11 08:41:26 +0000 2020, -117.104989, 32.810012, El paro genera un ascenso de la homosexualidad F A N T A S Y 
EspnHam9, Thu Jun 11 08:41:27 +0000 2020, -118.222017, 33.884968, @_mellopezc Always do 
Nvdxty, Thu Jun 11 08:41:28 +0000 2020, -157.799589, 21.319944, Iâ€™m really crying. Gotta love the homies on the block. Fr. 
_antonilya, Thu Jun 11 08:41:28 +0000 2020, -122.630908, 45.536402, dating is hard when youâ€™re picky af. 
_xPARIAHx, Thu Jun 11 08:41:28 +0000 2020, -96.830093, 46.864883, *ahem*Smash capitalism 
alking906, Thu Jun 11 08:41:29 +0000 2020, -115.135165, 36.060964, Okay. Iâ€™ll play ball. Hereâ€™s my Vogue challenge. https://t.co/rSG1lq4WH2 
Deqwertii, Thu Jun 11 08:41:29 +0000 2020, -122.917508, 49.206752, @drthyfld Well mo to 
jakdickson69, Thu Jun 11 08:41:29 +0000 2020, -76.620482, 39.284713, That pussy talking 
iZainmustafa, Thu Jun 11 08:41:30 +0000 2020, -97.135638, 32.701850, Screenshots from upcoming video; Camping trip to Hot Springs, Arkansas.Can't wait to finish it up by tonight andâ€¦ https://t.co/T0eiqozp8v 
TinxDtl, Thu Jun 11 08:41:30 +0000 2020, -79.616073, 43.555244, 4 fuck sake ğŸ˜… 
SJsWorld_, Thu Jun 11 08:41:31 +0000 2020, -75.770041, 42.746617, Love this idea!!! @britten_adam thatâ€™s just the type of creative mind @CoverCitySports is looking for!! 
whats_running, Thu Jun 11 08:41:31 +0000 2020, -76.316400, 39.772900, Muddy Creek (Susquehanna trib): Running https://t.co/ssWiRKuoGm 
daprivate3, Thu Jun 11 08:41:31 +0000 2020, -96.621634, 32.907642, @FakeGucciSIides do not accept the return 
marceizlyons_, Thu Jun 11 08:41:32 +0000 2020, -115.128846, 36.136412, Being nice isnâ€™t being weak. Being loving isnâ€™t being weak. Being a good person isnâ€™t being weak. People do all theâ€¦ https://t.co/IV3Je576DK 
worldwideweb53, Thu Jun 11 08:41:32 +0000 2020, -70.679381, 42.630955, This tweet saddened me beyond all measure. Why must living creatures die? My heart goes out to Edward and my prayerâ€¦ https://t.co/AUEfS2IRE5 
disneymike, Thu Jun 11 08:41:33 +0000 2020, -117.475000, 33.999400, Perrier Abstract #perrier #abstract #abstractart #bottles #glass #focusstacking #heliconfocus #riversideâ€¦ https://t.co/TToXoERDdN 
whats_running, Thu Jun 11 08:41:33 +0000 2020, -92.138300, 43.347400, Turkey: Running https://t.co/kx0iVGEOhz 
DeadGhostx2, Thu Jun 11 08:41:34 +0000 2020, -111.498181, 28.969863, @paorivas00 Ya te dije que cuando quieras, pero le sacas 
hesoprettty, Thu Jun 11 08:41:34 +0000 2020, -83.804475, 27.698682, Being gay is fun until you want a relationship ğŸ¥´. 
Kaitoofficial2, Thu Jun 11 08:41:34 +0000 2020, -83.260274, 42.479810, I hope some bitch say something to me like thisğŸ˜‚ I'mma make her and her grandchildren's feelings hurtğŸ˜‚ 
Marrrriiellaaa, Thu Jun 11 08:41:35 +0000 2020, -120.987468, 37.663817, I'm so indecisive, you can't cuff me, but I'm wifey 
2077Mt, Thu Jun 11 08:41:35 +0000 2020, -117.247875, 47.630038, The new kid is here ... he's armed to the teeth &amp; a bit unstable... follow me for the more adventurous things in gaâ€¦ https://t.co/EraumBHMWA 
zoeheiler, Thu Jun 11 08:41:35 +0000 2020, -83.804475, 27.698682, @KellyCantTweet @perolikeme ty queens 
Moneybagg_Diana, Thu Jun 11 08:41:35 +0000 2020, -97.011168, 32.655678, I ainâ€™t had nobody do me like you 
TrashBagofGyros, Thu Jun 11 08:41:36 +0000 2020, -80.926628, 33.631140, https://t.co/8PFlG5oJe9 
trev_M4, Thu Jun 11 08:41:36 +0000 2020, -106.632718, 35.117002, Just think in 5 years so many of these racist will be gone â¤ï¸ğŸ˜ 
miss_anathea, Thu Jun 11 08:41:36 +0000 2020, -73.723025, 45.557830, @seanljt I believe women 
abavila007, Thu Jun 11 08:41:37 +0000 2020, -100.076888, 31.168893, Whoa... hey ğŸ˜ 
TaeBrisko, Thu Jun 11 08:41:37 +0000 2020, -79.857363, 36.090397, Giveon pen is crazyyyyy 
sharnicmarc, Thu Jun 11 08:41:38 +0000 2020, -83.804475, 27.698682, REVERSED RACISM ğŸ ğŸ´ğŸ‘‡ 
EulyJayster, Thu Jun 11 08:41:38 +0000 2020, -102.008987, 33.519735, @JackPosobiec Well Jack walls are built to either keep people in or keep people out. They are actually great structâ€¦ https://t.co/7OMADqFgox 
miyaarmstrong, Thu Jun 11 08:41:38 +0000 2020, -87.348367, 41.415222, @abbie_vaniece  Speakers will be: Avis Heard from "Lets Cook it Out" Cooking School Katie JordanPresident of Coaâ€¦ https://t.co/ay6pHJsQP6 
ItzMrBlunt2Yall, Thu Jun 11 08:41:39 +0000 2020, -117.000831, 32.705576, Iâ€™ve waited so long to see this meme again lol 
badgalllvic, Thu Jun 11 08:41:39 +0000 2020, -117.022463, 32.633767, Who knows someone doing pedis ğŸ˜” 
nnabuck, Thu Jun 11 08:41:40 +0000 2020, -104.789327, 38.888519, Dis tew much ğŸ¥º 
pseudopink_, Thu Jun 11 08:41:40 +0000 2020, -118.411907, 34.020789, in less than a month, it will be the one year anniversary of when @victoriaelyse23, @MadisoStranglen, and i blew upâ€¦ https://t.co/lJ9ubjAQB6 
Hamiidi_Twisty, Thu Jun 11 08:41:40 +0000 2020, -77.728988, 39.634461, ALLAHOUMA AMINE ğŸ™ğŸ¾ğŸ¤— 
mixsooke29, Thu Jun 11 08:41:40 +0000 2020, -149.758794, 61.235042, The media is a hell of a drug 
PaulRoseJr, Thu Jun 11 08:41:40 +0000 2020, -118.079306, 34.117279, @avishaiw @OKBJGM Better to let him be the â€œbad guyâ€ anyways... 
RodzMike, Thu Jun 11 08:41:41 +0000 2020, -123.924352, 45.994304, @realDonaldTrump @sdmts @USDOT U sending ğŸ˜‚ğŸ˜‚ğŸ˜‚ğŸ˜‚ğŸ˜‚ğŸ˜‚ğŸ˜‚ğŸ˜‚ğŸ˜‚ğŸ˜‚ğŸ˜‚ 
gandolf_s, Thu Jun 11 08:41:41 +0000 2020, -84.433106, 33.767195, @jypseywheel Do wu really fink so? 
Mike41020862, Thu Jun 11 08:41:41 +0000 2020, -82.669467, 40.365160, @lacybreasts https://t.co/ogfZiM5IHH 
Jose_A_Santiago, Thu Jun 11 08:41:41 +0000 2020, -106.417430, 31.793368, @BrandonStraka @Oprah https://t.co/le7RIBFzxl 
BiqtchPuddin, Thu Jun 11 08:41:41 +0000 2020, -118.411907, 34.020789, Lol @NintendoAmerica &amp; #animalcrossing developers reading tweets like this likÄ™... https://t.co/Grpuv2FasB 
TheRealHyjinx, Thu Jun 11 08:41:41 +0000 2020, -122.630908, 45.536402, ğŸ˜‚ğŸ˜‚ğŸ¤£ğŸ˜‚ğŸ¤£ğŸ˜‚ FACTS!!!! 
quis__custodiet, Thu Jun 11 08:41:41 +0000 2020, -118.279430, 34.051570, 0841ZN223LA LAPD AIR SUPPORT DIVISIONSquawk: 1200N34.0516 W118.2794Altitude: 1225ftCourse: 109ÂºGroundspeed: 7â€¦ https://t.co/bmoHHEV3FQ 
xo_tinyJ, Thu Jun 11 08:41:42 +0000 2020, -82.755341, 27.992711, sexual healinggggg 
karibaltazar05, Thu Jun 11 08:41:42 +0000 2020, -102.888989, 31.578888, your energy will show me what you want way before your actions do. 
simplyylesslie, Thu Jun 11 08:41:43 +0000 2020, -122.231788, 47.959950, Iâ€™ve been doing my homework for like 4 hours already... thereâ€™s no way Iâ€™m this dumb wtf 
withejays, Thu Jun 11 08:41:43 +0000 2020, -80.307064, 25.976124, Free that nigga Yak RIGHT NOWâ€¼ï¸ 
FazeBob23, Thu Jun 11 08:41:44 +0000 2020, -97.432425, 27.737151, Cranked Scrapyard is actually INSANE 
Bobbiea0610, Thu Jun 11 08:41:44 +0000 2020, -92.061177, 30.206079, @ProjectLincoln Thank you, Lincoln Project, for speaking out. 
___EARFQUAKE, Thu Jun 11 08:41:45 +0000 2020, -74.232784, 40.725694, @raycondones stay woke pig ass nigga https://t.co/S0LnjrZ6Dt 
HugoRodriguezzp, Thu Jun 11 08:41:46 +0000 2020, -111.498181, 28.969863, Los weyes que venden mancuernas barras bancos y todo pa entrenar estÃ¡n peor que los que venden cheve neta 
k_jamilia, Thu Jun 11 08:41:46 +0000 2020, -86.791549, 36.200008, @Ceelow_P Itâ€™s a vagacial but theyâ€™re just doing too much. Iâ€™ve never been aroused by it.  Sheâ€™s weird. 
MischiefSilver, Thu Jun 11 08:41:46 +0000 2020, -117.397616, 33.935822, @KP11Photos Love you KP 
Kaitoofficial2, Thu Jun 11 08:41:46 +0000 2020, -83.260274, 42.479810, @GusFuku é–“é•ã„ãªã„ç¬‘ç¬‘ã‚„ã‚Šç¶šã‘ã¦ã—ã¾ã†ç¬‘ 
gronaron1, Thu Jun 11 08:41:47 +0000 2020, -74.322794, 40.307615, https://t.co/YsvFB0sY5q 
duaneeric2, Thu Jun 11 08:41:48 +0000 2020, -97.754724, 30.323346, The LateShowWith James Corden CARPOOL KARAOKE WITH ED SHEERAN. https://t.co/EU4jWGuCaT 
TheDonnnieSharp, Thu Jun 11 08:41:48 +0000 2020, -120.395326, 38.027994, @Pismo_B Fucking Clown World 
Stephan19586329, Thu Jun 11 08:41:49 +0000 2020, -82.669467, 40.365160, @Michael17293911 @_ReaalAmerican_ @realDonaldTrump @BretBaier @FoxNews Agreed!!  Plus, they have a President that câ€¦ https://t.co/ppL8srID2n 
munalamis, Thu Jun 11 08:41:49 +0000 2020, -118.411907, 34.020789, sometimes itâ€™s just easier for me to explain my feelings in video edits than in words ğŸŒš 
madhumehta124, Thu Jun 11 08:41:49 +0000 2020, -88.205959, 41.976145, @SrBachchan So true sir, when I lived in India never realized that how much work other people used to do for us! Iâ€¦ https://t.co/UaB5mlWUGD 
Cynthiiamariiee, Thu Jun 11 08:41:50 +0000 2020, -117.462698, 34.108160, @stormyamaya Miss you more! 
ComicJustinLive, Thu Jun 11 08:41:51 +0000 2020, -117.379900, 33.191700, Check out this a interview With https://t.co/Hy6bF6YMuG...Thank you for letting me share my story... @ Oceanside, Câ€¦ https://t.co/RxLakvqHCA 
theGOAT_kennyD, Thu Jun 11 08:41:51 +0000 2020, -118.346153, 33.953633, ğŸ˜‚ğŸ˜‚ğŸ˜‚ğŸ˜‚ 
laserhaas01, Thu Jun 11 08:41:51 +0000 2020, -117.851089, 33.842863, @JonahDispatch @MittRomney should be in JAIL; and thd feds need to clas back 100s of millions of dollars (and billiâ€¦ https://t.co/5emY553YGA 
foreskinfiesta, Thu Jun 11 08:41:51 +0000 2020, -117.772917, 34.065450, The way that Iâ€™m just flying thru 23 ğŸ¤¡ 
gronaron1, Thu Jun 11 08:41:52 +0000 2020, -74.322794, 40.307615, https://t.co/40uiwpFWDK 
PoppethThyPusey, Thu Jun 11 08:41:53 +0000 2020, -73.849441, 40.850347, Im really schmacked.  Imma knock da fuq out on this plane 
OfficialBeccaB, Thu Jun 11 08:41:53 +0000 2020, -98.540651, 29.417501, its a jokeee 
only_melah, Thu Jun 11 08:41:53 +0000 2020, -84.340899, 33.606430, Itâ€™s not bad to forgive , thatâ€™s actually the most healthy thing for you 
BoiJuanda, Thu Jun 11 08:41:53 +0000 2020, -90.158017, 32.230987, How convenient - they placed the black dude up front ğŸ¤£ğŸ¤£ğŸ¤£ğŸ¤£ğŸ¤£ğŸ¤£ğŸ¤£ğŸ¤£ğŸ¤£ğŸ¤£ğŸ¤£ğŸ¤£ğŸ¤£ğŸ¤£ğŸ¤£ğŸ¤£ğŸ¤£ğŸ¤£ğŸ¤£ğŸ¤£ğŸ¤£ 
BiancaToSeoul, Thu Jun 11 08:41:53 +0000 2020, -98.189648, 26.167904, Crazy how I could be wearing lingerie or a bikini but you wouldnâ€™t know cause you not following me ğŸ‘€ https://t.co/cdGq7flY1A 
gandolf_s, Thu Jun 11 08:41:53 +0000 2020, -84.433106, 33.767195, @JoananCharlotte ğŸ˜¹ğŸ˜¹ğŸ˜¹ğŸ˜¹ğŸ˜¹ğŸ˜¹ 
Astro_Itau, Thu Jun 11 08:41:53 +0000 2020, -80.117117, 26.931496, Bom diaaaaaa! Hoje teu dia serÃ¡ abenÃ§oado meu guerreiro. Fique com essa pequena charge enquanto aprecia o nascer deâ€¦ https://t.co/t5GfXR3vFB 
TheKingKeon, Thu Jun 11 08:41:54 +0000 2020, -119.025163, 35.346902, I think imma get my passport tomorrow 
tiahh_, Thu Jun 11 08:41:54 +0000 2020, -89.338039, 31.310637, ğŸ¥ºğŸ˜ğŸ˜­ 
Charles32862415, Thu Jun 11 08:41:54 +0000 2020, -118.411907, 34.020789, https://t.co/pwxkgsa88x 
ClarenceShepa16, Thu Jun 11 08:41:54 +0000 2020, -77.641937, 43.057039, Theyâ€™re fucking nasty.!!! 
angellkayy_, Thu Jun 11 08:41:55 +0000 2020, -121.278605, 38.119674, @tiffxnnyyy sheâ€™s so beautiful ğŸ˜­ğŸ˜­ 
luigidino, Thu Jun 11 08:41:55 +0000 2020, -89.266508, 39.739300, @jrgaillot @realDonaldTrump Making a complete ass of himself. 
BeeverlyHouston, Thu Jun 11 08:41:56 +0000 2020, -75.028639, 39.789530, Full Video George Floyd Died After Police Knelt on His Neck During Arres... https://t.co/lmdLlOKzgy via @YouTube 
Zopirruco, Thu Jun 11 08:41:56 +0000 2020, -115.229180, 31.789670, â€œNi siquiera sabemos lo fuertes que somos hasta que nos vemos obligados a sacar esa fuerza oculta. En tiempos de trâ€¦ https://t.co/q0XiZVphok 
bow_bat, Thu Jun 11 08:41:57 +0000 2020, -118.408990, 34.006012, @JTenzah I told her she has too at this point, sheâ€™s so scared of anime 
RodzMike, Thu Jun 11 08:41:57 +0000 2020, -123.924352, 45.994304, @realDonaldTrump @PGHtransit @USDOT I'm sending ğŸ˜‚ğŸ˜‚ğŸ˜‚ğŸ˜‚ğŸ˜‚ğŸ˜‚ğŸ˜‚ğŸ˜‚ğŸ˜‚ğŸ˜‚ğŸ˜‚ğŸ˜‚ğŸ˜‚ 
Bmachime4054, Thu Jun 11 08:41:57 +0000 2020, -122.641388, 45.369307, Adventure time = good show 
DeJahJNicole, Thu Jun 11 08:41:58 +0000 2020, -95.446486, 29.838495, God. 
gronaron1, Thu Jun 11 08:41:59 +0000 2020, -74.322794, 40.307615, https://t.co/cUrh71Wr3U 
bigpaulierules, Thu Jun 11 08:42:00 +0000 2020, -75.297902, 40.004108, #BeWeirdIn5Words Jumping Like Your A Horse! https://t.co/vtDIedSEV0 
stevegarfield, Thu Jun 11 08:42:00 +0000 2020, -71.088712, 42.313670, @EvelynRobinson @jimmyfallon @GraberOlives The pistachios are good! 
